tsx_id,user_id,amount,tsx_date
b92afb39-a2a2-4c33-9aa5-5982997fdbd8,84,389.84,2026-01-03
0f801ceb-515a-43e2-9f8d-2d0cda9b066f,95,190.09,2026-05-07
89436271-a2bc-430b-9f5b-ab7cdc061e5f,10,356.79,2026-09-04
be5648cb-2582-4a3a-825c-1712b611fbf1,22,353.36,2026-07-12
d17e4ebf-12cf-4816-a3e1-a37258a6167b,66,487.27,2026-07-31
e0ee839a-8702-4f14-8d31-83986708a7ef,6,299.57,2026-08-03
e36cd324-8ba4-4955-9d26-58300b230e22,76,257.59,2026-09-14
c2042e17-711a-492b-8731-34b914a379b2,62,448.88,2026-01-20
e183ab3d-36bb-4525-bbb1-75a6c720ea40,89,340.91,2026-04-03
1daa36f3-dd3d-4e31-bbc2-b13b9f148065,27,17.29,2026-04-14
6a624d7c-4c32-4c49-a79a-d264e72cddb0,2,121.99,2026-08-08
aad1dca3-1314-4129-bdd1-ee5842764c50,21,474.96,2026-03-02
ae332027-ad5b-4cb2-8aba-6da23265434b,41,122.53,2026-04-30
9762f353-c38d-484e-b72b-a2e183fcd29c,76,101.75,2026-02-16
7f3e3023-41f5-4ee1-b4cc-bbf94884d1ca,19,160.16,2026-06-21
cd2529a5-9ced-4d99-b315-0b23a904de15,48,251.35,2026-04-14
b72f9863-04c9-4904-91ee-324977f01bad,41,361.86,2026-11-25
558e607f-06fa-44a7-9717-dc42b95c1092,74,171.88,2025-12-23
04ab96f4-5b7a-483c-9e40-facdba22f6d7,1,278.65,2026-05-26
e4abb8a7-9556-4d09-ae35-8de1cbc5836c,34,475.8,2026-01-06
1cf30d58-cd1b-4d7d-84fc-43d4566b5c35,79,273.14,2025-12-28
3a662f75-11c8-4060-91ad-8effeaa89843,70,323.36,2026-06-09
027d0014-8920-4c06-a434-0cb0d8f66379,35,75.74,2026-11-24
73f79ba9-30f5-4f20-8188-0385473713ce,41,396.73,2026-03-18
bca1b8d1-bb14-44fc-82e2-9f3e40964209,93,451.21,2026-09-22
19208b63-7270-4c53-921b-2f37eaffe747,31,44.28,2026-02-04
38f68ed2-3de6-40c9-976e-f689c36c0a78,41,435.52,2026-02-03
0b20067d-32e7-4c84-9070-2081f691c8d3,92,134.21,2026-11-05
b6c853d9-a96e-4e3a-baa6-6d9b88d15d28,74,443.04,2026-08-08
92d42189-67c3-4bb9-91ec-382d668d7d6c,16,55.01,2026-05-02
43def990-7779-4d82-bce0-5569471f83ea,94,388.5,2025-12-10
0d09c3b2-40f8-42af-8ba4-0c9c200b992a,35,384.15,2026-09-08
96e2bce7-fdc4-4f89-a661-f041bc0a7f12,62,325.92,2026-09-10
8eac0c49-e867-4833-a77f-6e977c5e5adf,18,371.5,2026-06-11
622eb175-5ce7-4748-a2f3-f29814180cb0,69,236.82,2025-12-07
f435a5af-0483-4591-b7d8-c3e0cc082d49,84,240.87,2026-05-28
78e55894-9c32-43b1-8100-501fce898051,32,386.4,2026-04-14
16cb5431-1896-430b-8210-8618fd43fda6,42,324.25,2026-07-12
1d507982-3c80-4f5e-ac17-2d272a2b2e02,8,381.42,2026-11-04
561a138c-ac38-4ce0-8c48-63555c691bb7,86,490.98,2025-12-08
fcf43a9a-2285-49fa-a1eb-b4e133c4ccd6,100,464.99,2026-03-20
0d4c171e-17f0-47ee-9aae-2368d05010bb,58,225.21,2026-04-16
da277e37-2fba-4db3-84f3-44540958905c,25,129.4,2026-07-21
7b337e52-6b4a-4216-987c-67deea5983af,35,114.04,2026-11-04
811b27bd-bd64-47f4-af02-0b441d5a100a,44,339.48,2026-06-26
a267365a-e922-4729-b01d-ae07e3a79144,37,357.44,2026-07-09
02afc654-3ec4-42d5-976e-3d56715c81df,78,159.98,2026-12-01
5ce7c86f-cc6c-428a-a73b-7a17a1add2b7,82,108.47,2026-01-30
08d2e233-34c4-45aa-b044-6a135fda1314,93,67.6,2026-04-11
6a525848-51a1-4614-836c-b1375fd79ad4,28,312.36,2026-10-22
2bbdb611-8a7a-4e87-9a9b-333b705b7a6b,12,268.5,2026-06-01
214a4c48-4ecf-4b29-8088-444ab13c4577,38,76.6,2026-06-03
545a4205-6ad9-4b64-beab-56138c6c4c4b,18,322.6,2025-12-09
7b7d0ab1-7f33-494b-ad88-8c28493794ad,19,361.91,2025-12-21
78e1874a-0089-4547-9caa-e1c6f3d099ff,65,172.2,2026-04-28
1cd75015-8161-410b-9298-7659b3f4d4b2,48,203.02,2026-03-11
ee4d83c9-9d0a-4b21-9db0-449fe6e5e264,89,233.36,2026-03-30
d4d31204-28f5-4886-97b2-97159e21bd21,16,228.55,2026-09-17
9e35c199-4378-4027-a881-ceb32abfa46d,76,208.78,2026-03-24
055d7ae4-009a-45a5-bf14-a46944f22c03,100,411.5,2026-10-09
bc041700-47e8-46ba-a8a3-87cc167e6382,63,325.58,2026-08-06
29a13391-ca3e-4e98-9574-7512232a49ce,36,461.42,2026-04-17
371c742f-e97e-42f7-a676-712b170c3217,82,443.16,2026-09-17
75330271-65f4-405e-93ec-b91d93752df1,75,481.28,2026-11-11
cf0c14e0-2118-4fdb-9ace-429222bf1c2e,78,191.92,2026-05-08
2e09e64e-1f7a-47cc-ab21-78a70c370243,59,98.6,2026-04-11
dbf016f1-46b5-4475-8de8-70983b709258,82,14.52,2026-11-09
c8f1681a-2037-4aaa-a73f-0bbabee61133,30,234.33,2026-06-02
67f8a73c-6489-4d84-ad3e-5fb5b8e12a1b,89,217.39,2026-02-25
2dd4b57a-afc8-4ffa-b5db-826c1face39e,59,210.54,2026-01-21
7e861ab2-5b6b-4d3e-80a2-32c268317243,93,21.38,2026-07-07
bede82dd-5ce4-42b1-a08d-e396d986b406,95,88.34,2025-12-11
5f7c8376-e5bb-41ba-b9f2-7d2a3c060d23,58,214.45,2026-01-26
3e8bf0b7-8679-44d9-a9bf-5bbf39bd31da,69,390.67,2026-06-20
e57685a4-5090-4740-b3c9-de0e8aea66b8,79,283.44,2026-03-21
a556e0b9-8e1d-4ca5-ab8b-2c3105fc1ed0,69,72.99,2026-01-07
daa78471-739d-4e59-b6cd-e6ae90311fb0,50,217.15,2026-02-13
bf0ce54a-487d-442d-acc4-7a4122abec8b,55,309.3,2025-12-25
71cf866c-c728-4011-8a04-8d44ed0610fd,100,88.28,2026-07-17
a6375383-1a5f-42a5-abf1-bb54e7a98694,16,276.27,2026-04-30
07c5bb65-0bc8-4838-b090-f83893433f4a,80,67.39,2026-11-15
ccd52807-7730-4b48-9050-ad3f9908ce71,64,115.71,2026-01-24
a72e733d-2420-4605-bdf2-b0e2351aac8e,28,226.29,2026-11-04
f533566b-3c0b-4e5d-8959-639d04d1facf,96,293.71,2026-05-01
3e02085e-8996-49ca-9512-7c36023fc67c,43,423.72,2026-04-06
ceafae2a-410c-4789-afe4-663f03577fbd,86,409.93,2026-08-15
5966b3fd-4add-4d8d-b10d-d16f8a48780b,14,333.59,2026-07-09
a68e9a41-7e46-44f3-a6c5-5e9e1ae14cf8,97,220.63,2026-01-12
b09b23be-04eb-4e76-96f4-9de0dc50ac8d,96,125.7,2026-07-15
359c350d-f11e-496d-a593-4675f34a77d8,41,54.73,2026-02-16
c70fcbf0-3168-4b79-a8f1-8caba5048d7b,3,303.87,2026-06-08
2af206cd-d70a-4362-9483-f01d49bb2c8f,50,313.62,2026-11-15
19e8a77c-68b2-4aa3-9425-40757f1e3f37,82,383.28,2026-02-27
91aa7187-d7ea-4d73-b661-90e123829a56,9,298.07,2026-07-18
068dd48c-be01-40ce-adb7-b2a2cc081ed8,15,118.8,2026-11-28
6ff7925b-b883-4841-8cb9-a5743b60175b,29,279.45,2026-08-09
80367a48-1ea0-40a9-9766-05a473e1228f,11,376.28,2026-02-17
6de1bbc0-641a-4d1b-9969-0bb466bebaa8,57,260.31,2026-02-19
6df8cc64-d7e7-4350-9c7f-0c5eac48d5a7,90,345.46,2026-09-28
bcfd6be2-cef8-4ab7-a749-0720b8885516,29,158.34,2026-09-03
9b237e2b-62ca-4de6-bfd9-815fb2813a2d,26,108.13,2025-12-05
fc578cc9-a38e-452a-a526-52f8b0c68e64,34,267.46,2026-02-25
f0c8ffd9-257e-4d9a-91d7-a03629726adb,52,178.57,2026-04-09
7781b620-c66c-4eb9-a53c-75b313ada4ac,98,335.4,2025-12-26
9de0f657-aca1-4b9f-a49e-a44ff890292c,38,497.11,2026-07-07
508ae708-0469-452e-a173-33b9f2763b9b,30,196.57,2026-05-23
80be9ea1-a389-418f-b15c-38822e404602,100,268.38,2026-02-18
19d61c57-bffd-4a7e-9ccc-08a5cac7128e,42,305.23,2026-06-27
be656718-4e32-4d91-9dac-245b5b8104c6,58,355.2,2026-09-15
128557f2-6ccb-4bbb-b962-9093f188be94,24,119.91,2026-03-10
717506e2-5a36-490e-bdad-d1d5a6e3cb55,21,329.54,2026-09-23
7577a51b-b1fe-44f3-a765-bc565bf51da9,80,377.23,2026-01-25
32e4353e-1397-4aec-91bc-fe6e5610e3c2,90,446.2,2025-12-26
931f8771-c94f-4a44-a0c0-b20a7472d381,84,189.66,2026-06-28
fc8863b8-fe94-415b-aa02-4dd0f854cf8b,27,477.55,2026-03-06
2947d6e0-b719-477d-995a-dc7304bdfb14,9,18.23,2026-09-15
cd05bdee-20b2-41c8-90f9-4c610958e9eb,14,454.79,2026-09-17
308fcf90-41b5-430c-b763-775206ad18be,64,124.9,2026-10-05
3c244119-c936-4ad7-b428-ef6c4a73bc05,39,18.47,2026-02-17
e1618aa9-d9ba-4352-a3f7-dc539967d0e9,71,290.58,2026-10-08
7457ed5a-8ad3-4bb2-b5fc-d294f1b1d2d1,29,359.89,2026-01-30
d472d5d9-b2a2-4de3-aed4-680fb0fc9d28,76,229.4,2026-08-01
8096bdba-a951-44a6-ae7e-69bad79cef9d,18,347.36,2026-08-03
d23e8c4e-eca2-4144-968f-a1bd4b72d31d,79,118.57,2026-02-19
4dfd4028-0045-489e-96d5-2a9f5a4fc4f0,91,369.02,2026-02-26
8d697971-8180-45cc-b950-92124ff71885,97,435.37,2026-04-19
5d5d773d-3cb4-4597-ba76-a9f336606684,26,407.39,2026-10-16
3ba9434e-474f-4ed3-8731-4b9dab5b62b6,73,154.2,2026-08-02
facf61bc-75d1-40ca-91a7-024b1f4c9316,11,411.62,2026-07-07
e9e41412-e0ab-4053-aadf-ee5e077bb696,15,286.25,2025-12-17
0b8542de-db03-498f-923b-34de9701a7e9,51,56.87,2026-06-10
8dec6829-5c7c-46fb-9570-3d1b278e20c2,9,464.32,2025-12-11
2ed4888e-6c59-4d89-ad44-e13d20a60dac,40,456.59,2026-03-30
89a85af0-0af1-4122-badf-78899d587063,26,435.26,2026-03-29
f72a9e08-eb51-40f8-a64b-fab73b0cdec5,13,308.92,2026-10-23
5c6dcb6b-5e4c-4d54-9fea-6aeaf1b5e820,8,412.34,2026-11-06
a994723c-8b3c-44cf-a8dd-32216e9a54b5,8,369.97,2026-07-28
c36f3042-37fc-4a67-afce-4e8358ec07ac,62,465.14,2025-12-30
4ddddbf6-0ace-4093-85a7-3b5e166677d8,65,331.33,2026-09-07
adcc4fee-a1ff-44bc-8214-73844aeab163,43,463.72,2026-07-05
e0ff29f2-d4b2-4282-9a71-9edd1de81f8f,48,243.93,2026-05-06
db500868-3e96-448e-beca-249a75d5b68d,83,217.62,2026-02-07
e4c0714c-9ee4-4cc8-8c47-5b63654852e3,29,227.85,2026-01-26
ccff21c1-dde4-43a1-ae80-d86bebf6ffb0,87,100.08,2026-10-10
22ac2390-fcb1-4b6b-a2c3-4fb03fc2356e,67,40.25,2026-01-07
7b055b8b-96a3-4d45-8253-f812c4b32e1a,35,66.28,2026-08-07
dca748f7-c085-40d1-abca-89dc8e60b621,93,71.16,2026-06-10
3c2742ee-82a9-4533-b251-bb17e34b5147,25,74.17,2026-10-04
bc993e03-379d-48e8-9558-34e1226e170e,60,277.64,2025-12-11
e21595a2-6c08-4564-9482-826ac6f6cbab,21,432.8,2026-03-29
8226b79d-9efd-43fc-a521-407dc5c6b7eb,16,252.08,2026-04-05
3475ce13-25bc-461c-966e-3c17b5790fc6,85,237.05,2026-11-04
7e7f8960-cf57-421b-8870-084b12992ec6,77,107.29,2026-02-12
34ff945e-29fa-4f36-b92a-b764967bb43d,47,246.04,2026-10-21
7b625a0b-0122-4359-ab61-5b637c7d0412,97,470.0,2026-11-05
fc0067c5-375e-43df-b215-4909fae27562,23,439.23,2026-07-18
79c0ff78-5606-412d-aa75-09bbecbda31f,20,322.48,2026-09-22
4f120da4-70dc-4431-a2a2-3cb675dba798,98,82.14,2026-06-01
bbd005e1-dace-47be-a009-cffdfa3a097c,19,421.64,2026-06-29
f2985e78-83a5-44c8-9b24-0ef35f2cf795,41,488.04,2026-09-22
50227306-287c-4206-98ab-9cba0392c410,3,118.89,2026-11-25
e3d2ddb0-efd2-4047-bc2f-6ad825eab9e4,48,120.06,2026-01-28
9d0e6ea3-28f9-4b60-a0fb-20c206894eec,80,345.37,2026-04-08
bae0165b-c905-4c45-84d8-8b2b681af25d,81,474.44,2026-02-20
1f46f689-46f0-40a2-beab-b529307bad6d,53,336.71,2026-06-23
fb6d270b-c35a-4635-a7ef-0a06f26aaac7,92,143.85,2026-10-19
63976751-5fc4-4fa1-8b35-f1fc12046ab8,21,450.85,2026-05-31
a8d5e023-fbfc-49c0-adeb-3eb1e6b73229,96,398.32,2026-09-22
30ddbcbe-ec7e-404b-869e-f1a81409b394,55,92.29,2026-10-04
ae0a5303-941d-4220-a572-207bbd0ff0bc,100,78.63,2026-11-04
417faf8d-6ed5-4f83-a181-a3a4fc24386a,75,191.08,2026-01-04
ab4f8d26-349c-4b4d-8de5-b731dce2245a,96,153.88,2026-05-27
ddc9a175-f590-4a18-900a-770c79cd0369,100,293.68,2026-06-27
86f1ea31-064d-44a3-97e1-0d301db111c8,49,89.77,2026-03-01
d69fe0f9-4256-45e7-80cf-aeed82549c06,64,59.8,2026-10-02
fc6e6be0-4616-46f1-9565-ff6fe7658c60,12,128.81,2026-07-02
0a5e7d4f-d939-4940-a667-1688daa9c1a2,60,174.7,2026-10-20
7763ae2d-aad8-43aa-b0a3-ff3183f044dd,64,172.34,2026-03-25
3490774e-c27e-4dcc-93df-92305eab5df8,60,315.22,2026-08-10
de1128cb-cc00-4184-942e-e0e9dd58b8b6,52,247.4,2026-09-10
0290461a-3c23-474b-ab18-04a330947758,80,322.29,2026-08-24
6b7d2c8a-cf2a-45b9-9877-6473e3764ed6,34,93.76,2026-10-28
26f16fe0-6105-4732-bbe2-0533734ad03d,26,328.38,2025-12-05
e6d43db4-f347-49a7-87be-0252b32d4dd1,3,166.59,2026-03-24
f457a2f7-a20f-4968-8083-f2ed4d65505e,9,194.87,2026-10-26
a1f02959-7728-4155-9984-a35b0e26ec33,51,141.56,2026-01-02
e4e3eba7-3606-45e8-9d88-7d34ea7d457a,37,484.95,2026-09-10
db446053-9db6-4ec6-8742-6e9862c5b554,41,368.45,2026-08-15
aa2f1b92-ff4a-45fd-9e82-b1f8656a164f,68,52.66,2026-04-24
696a8d07-3af6-4c66-ac61-b4c8fbcf1253,95,286.39,2026-02-24
55b748b7-80e3-4ec7-a500-196482bed9f5,42,15.0,2026-09-04
72b08979-3c5d-4aa6-8d03-a7670b463afb,96,284.4,2026-10-15
42742912-b85b-4c5a-b240-90d42254de2f,35,275.08,2026-08-03
a0d58702-9422-4948-9989-b8b1cfde8bd1,3,261.65,2025-12-08
26c4c6c9-b658-4c3e-a501-2beacd47322c,74,420.38,2026-07-20
e5c5db39-02f3-4d13-b650-805f45cccde4,81,25.21,2026-10-07
2888c2f3-4ef4-41c0-b807-80d77865ece7,2,404.43,2026-02-28
9ce59708-4181-410a-853d-59f68eca572a,56,486.85,2026-07-01
c580ca38-6440-4aed-9e14-d6d0fa01244d,78,142.13,2025-12-18
70549d2b-30be-4af8-af36-d8af899f09d5,37,313.31,2026-06-07
99f3184d-2674-443e-92bb-f1dd68483373,2,169.18,2025-12-07
633b28f0-d22d-47ec-9bd2-738d1d9c0a2c,23,293.74,2026-01-19
a7d76ee6-e622-4fd2-8970-f2edd930ce28,41,189.05,2026-07-07
2b6253ee-96ab-4c72-89e9-a27c5b795699,82,439.18,2026-08-16
41190589-b44f-4864-a944-ba12b942f2f1,63,310.4,2026-04-19
cbb57d63-df10-4027-8c58-2e8c10e948ce,30,363.66,2026-03-19
cdc91c8f-4d66-48bb-8d17-8cc82ec7eb9d,39,368.54,2026-02-27
72438805-2e71-4760-885b-984f6c1d8063,20,38.27,2026-10-08
51bbda09-ffae-4826-a2e3-dcfaf89c1480,68,144.3,2026-06-30
0a424d02-860e-41d5-8d5f-a20eca368bec,80,330.77,2026-07-04
0e2f5963-a6fa-465a-94ec-84056247c05d,85,301.15,2026-10-03
b1b265c6-a216-4906-b551-69c190fe14b6,88,48.21,2026-04-25
f1125a8b-2754-44f6-847e-49d1982c72ad,37,11.18,2026-10-16
5c18a26d-fab1-45ab-8c21-0800e1970b8e,63,171.24,2026-05-13
95adddf4-d7a7-438b-9855-4d69e780e092,47,476.11,2026-02-27
5c6ffef7-e597-4632-b8da-85dc023ec6bd,70,494.83,2026-01-09
fbd57c14-7c59-4ef5-80c9-a3f7f8c87027,74,268.61,2026-07-18
19d284ce-b19c-40cf-a1f6-86b738f83663,9,408.75,2026-02-16
7f5d8fa5-c8d1-42d7-8ac7-761909ff61f4,43,76.14,2026-04-02
9451dae5-17c9-4fa8-92e7-78f5d02e7215,100,412.09,2026-05-01
98f21d74-2211-4602-a3bd-3bf723a0fed4,17,127.92,2026-05-13
2f098f7d-0f65-4127-8ebc-67bc374cf732,78,140.72,2026-04-19
d666d7e7-3256-4c57-b624-f4824760fef6,5,408.42,2026-10-02
d94ce84f-a97d-487e-9aa6-899e2df12e13,39,362.56,2026-05-02
df84afc2-5e93-49fd-850d-271479aec22f,31,385.67,2026-04-10
abb9f275-1fff-4057-ae7a-9578aafc8992,90,350.92,2026-11-28
6a91c525-e65d-4638-95e8-593992efba76,29,63.55,2026-01-27
3d1ed53d-2c2e-48fc-8ac6-84b84d5afe28,4,301.87,2026-01-10
09ea27fb-98a9-4a52-a330-dec64cbd4ad5,81,320.01,2026-09-22
6b051752-1b2a-4348-bd56-c733cf1cb1e9,98,165.47,2026-04-11
e0e627a3-3a2d-4188-8f0b-3c2f9f1c9a64,93,238.73,2026-04-07
21ba6f09-f55a-42e0-a6b2-ab26ffed13c2,8,197.46,2026-05-01
d02cc2b3-5235-4e83-92fa-326ecaea1375,56,104.61,2026-08-03
84e2fe20-f682-4314-a6f7-6f635ebc3e2a,55,232.7,2026-10-03
831034e1-a8ad-4dca-8412-f1299646e600,91,63.95,2026-06-01
34a993f6-6bc2-4747-93c7-a18eeb6f8c13,24,224.16,2026-01-13
a4a41947-4cce-4ce0-97a2-6ecaf617dbb6,38,180.89,2026-01-25
a688221d-17f3-40be-84d1-c3d16d6c351c,21,168.15,2026-02-27
0c5d3fdc-2d36-4797-98f9-8bfd9b9bf83c,54,218.93,2026-06-25
ca929664-b80a-4a50-b640-647711814342,10,239.79,2026-06-02
918045ca-7d19-4d61-ad04-2d1e5b27cdd1,86,187.77,2025-12-11
74159a42-22ed-40fb-9758-5bfacee5ee1d,38,464.36,2026-10-24
3509e650-73b9-42dc-9c33-ca5b889bbc4a,42,217.69,2026-04-21
166a4502-ae6c-4992-b0bf-ca9cbd274a9a,66,434.96,2026-03-03
db539272-b18f-42ee-ad96-f5ff2970b1b1,82,315.17,2026-09-26
3ddae859-0056-4b5c-ae4f-73fd5f72479f,69,106.69,2026-04-17
02b564c5-d9da-4176-89da-b9fdd9236f72,32,188.13,2026-03-27
93e247ee-030d-488e-ae3a-73b6bd20df6c,56,112.81,2026-07-22
bdd17017-e2a5-4b12-9541-c127fb716530,61,463.26,2026-03-09
718ded73-eb99-48a9-8c93-5d0b8cbde110,69,332.82,2026-05-05
dd6bb356-7cc1-4ed2-99ab-27dd8e2d3dc8,69,92.82,2026-07-31
ccbdbde4-93bd-46c5-bef8-bb1f547a623f,70,174.98,2025-12-13
0818dd61-d7d4-4d1a-8c72-067cd6a6fd4d,63,351.98,2026-05-16
061dd796-9f68-4f51-aaa7-92bcc96bd81d,48,20.86,2026-02-02
6b811a97-6157-4031-b037-e21b5bc6c6e9,41,437.92,2026-03-31
f12ef836-dc75-484f-923b-c0ff3f2c1169,43,117.48,2026-06-07
a259eec1-2d6d-4f92-a393-89b329702689,1,115.08,2026-01-12
57b8ee98-a683-40a7-9d11-59dc50b44105,87,369.41,2026-09-15
4d206685-9a83-4765-8e51-a0445a7d32bb,32,318.66,2026-01-01
7999cb01-5cf4-4784-8dce-69294722cf91,64,117.55,2026-10-29
6312cfd3-559f-4464-a273-f3620dd47376,41,241.41,2026-01-03
62197101-ddf0-40c2-8cc6-3f05922cb384,21,356.28,2026-08-22
7a671087-3fb9-4868-864c-18785907ff6f,63,222.52,2026-03-10
c2595b15-d7ce-4097-8903-3088033c7cde,4,219.37,2026-03-20
a840af2c-d88b-4770-adaa-e445ec8b4742,60,469.47,2026-02-04
634ebc6f-10d1-41b9-b259-dd9edba9f9aa,47,212.8,2026-03-27
9c105837-37e7-4ad2-96aa-e87143164481,51,253.7,2026-06-08
b254aa30-c7d6-497e-8222-689cd090e9fe,72,75.92,2026-09-09
ad9c1878-feed-4577-a74d-2b81075e0201,24,62.43,2026-07-06
a1f0f6f1-decd-4284-98a1-ec78bf8d92c4,28,101.94,2026-10-23
596edc7c-d065-421c-8327-bc1daa5566cc,39,114.99,2025-12-31
a9eb76aa-0c16-4d21-98a3-ce0ea5a0b180,13,79.51,2026-06-05
3f0a09a2-6602-4290-8690-640cc42f4edf,74,188.77,2026-05-19
ae9c682d-9ecc-410c-9ead-e7abbdf27d16,20,168.57,2026-02-12
572a7a0e-32db-4e06-bb3b-6da3ddc147f4,96,461.82,2026-03-23
db789d72-99e2-41f8-b4a8-7f1d9f0b7df4,22,360.23,2026-02-16
a92e1b69-67c2-4eac-9585-d961ea81f595,12,226.12,2026-09-13
51efbfd3-ae0f-473e-83e0-1ab663fa7275,62,248.3,2026-07-06
a3312358-6df2-4371-85fe-24866def84af,72,443.4,2026-11-23
bf9b2c5c-db61-45fc-a21a-7cf38c5c2e2e,17,494.66,2026-07-11
2a7d4ce0-4756-49a4-8424-38e629058662,28,317.32,2026-08-07
032c178b-c608-405b-8ef8-13e5474f50f7,80,30.16,2026-11-04
34d49c1e-f2f7-440b-8928-e2c9942b8277,3,379.67,2026-06-29
e8fa2f98-02e6-4289-b378-95a8982aea40,41,299.1,2026-09-02
15d8369b-3a75-4781-b962-8bba281812a8,6,395.63,2026-04-24
21a72959-047a-48f4-8b6b-a3c6a3563288,50,292.8,2026-08-29
82e6d5ac-e332-4ed4-b621-403ef73a2201,88,53.11,2026-09-19
4a7e6503-8f25-490f-8de1-af87a7b3a2cb,9,58.38,2026-04-27
f8e20862-ec77-4559-9fa4-5363b4c6ab2f,25,37.57,2026-05-27
6c94216d-25cc-4fa4-b3a4-d4fea79b6c09,2,256.55,2026-03-30
8d633bf1-5d8e-4c77-8bc7-db092cde9fa6,21,255.07,2026-07-25
76f4ca7d-f8d4-498d-8e9b-10625d4c34f7,89,342.18,2026-02-21
4b6b0e36-47d9-49ad-be8d-6e86bed19912,8,265.64,2026-06-26
4f402b11-0af7-45a4-b36b-707d3a192912,7,83.28,2026-05-03
2416f8ec-fc96-4cf5-9a07-02ff96dc2534,73,293.5,2026-01-08
0f0f8fd2-a384-4f22-9fcb-6c5fded51b00,40,152.95,2026-11-26
fcf0681c-4335-4398-a706-b94a18997863,82,40.13,2026-05-13
de4ed998-9ea1-4375-be16-aafb69e7cf47,62,437.6,2026-09-01
26db06db-4bee-49bb-ab97-eb4c1a1df0b7,51,439.25,2026-04-20
3827b69e-12ab-4def-9762-e213b9d0423e,74,92.53,2026-10-23
0a0892da-2a59-4217-bf52-137ecd621549,30,256.71,2026-05-11
1972a7a7-cc6f-4de9-8d58-2043314cd574,68,412.25,2026-10-27
62b58f04-5a2c-4db1-95e4-8ad3df06681e,3,324.95,2026-04-17
801d1ad2-0b5b-48a5-a47d-26fd701653fd,52,211.31,2026-08-29
4e624258-afcd-48de-b88b-58be4fa41667,84,282.2,2026-07-20
2ad608d2-d1eb-4561-8003-19c1137bd6b0,16,470.06,2026-10-20
7333d219-7028-4f80-af00-3ff78117ef26,10,258.3,2026-06-23
ae820856-38b0-497c-bdc0-1c21dc26588a,76,79.66,2026-07-02
2932c6ce-5b73-4190-8d39-106451b4eb9c,15,12.07,2026-06-27
466735c3-62ee-438a-9c8a-70c08738c4a5,51,496.35,2026-10-02
6bf3cc83-0238-4231-a447-7380343ee369,95,97.21,2026-07-13
c9fdb4e3-b86c-4128-86f1-4b61dbcf3a5b,91,199.53,2026-09-06
23f5844f-c5af-4e01-b794-102fb54ead47,48,60.96,2026-04-10
6f006ddb-812b-4a35-9536-9c7c56c4469a,49,53.64,2026-02-25
023c6a9e-a7ff-4876-b855-70ab39c0e083,11,146.02,2026-08-01
69ac416a-e382-42fd-98cb-1a59fae0a198,95,290.8,2026-07-20
3bf317d3-3f9c-48a4-9c47-26df341343c2,20,317.48,2026-11-16
eab3f1dd-c6b1-49d9-917a-c7e63e095f8c,25,179.68,2026-09-08
e1cd3edd-e435-4de6-bf44-d60de5476b4f,87,370.87,2026-02-06
07ac2d55-8630-4dac-8a0c-875ca25e1526,23,310.4,2026-01-09
55df1c3d-c99e-45e2-9a90-aaa499ca7c1c,79,432.68,2026-05-18
33514dec-38a6-483c-b48b-5f58f2a8c0b1,91,196.97,2026-10-18
eaba1046-358e-42d0-8e33-d74f571a3278,49,262.95,2026-06-27
08fd0afb-c1ea-48e5-a355-713857a6ea7f,12,48.38,2026-09-03
177b0fe8-b119-4759-8ea6-8db0dd9190b2,37,449.16,2025-12-24
1c70e37b-513b-4610-be09-835313459187,100,107.33,2026-09-08
8a68ef0e-9c89-4490-ac31-6867bf487c2c,22,274.61,2026-03-02
071eb4f1-5372-4a46-ad60-a74415047056,74,428.78,2026-10-28
06b4e028-c9cc-4ce1-8cb8-eadff855b187,85,144.39,2026-08-10
e4dfb81c-0d78-477d-afc9-498a52b5194a,89,104.9,2026-05-25
b28add87-ccdd-4b9f-b7cf-67f893a60a6a,47,86.41,2026-01-22
b887a404-6edd-4a2a-bdf4-03de010873bc,85,202.42,2026-04-02
3e8642cd-48be-4681-a5e2-c1943c7c4760,50,82.27,2026-08-31
4afdd7cf-c0e6-4af9-af03-74a3883825b2,40,263.33,2026-05-31
6d987b8c-9f0a-482d-9c3f-ea2455e105c0,26,486.26,2026-08-10
1785a82c-2353-4326-bba6-6e656a4ecebd,90,353.81,2026-11-02
c8841796-78a2-4496-bde1-9e318d6d46d4,90,265.95,2026-05-18
4c684574-aca9-4e1c-ac84-8d58dc4e9904,84,154.8,2026-06-15
2a62acc2-45da-4352-a685-8c872f2775c6,57,394.36,2026-12-03
91870fed-bc0e-425b-96e4-244f99d87f91,70,28.38,2026-03-20
b63e84ac-78ff-4ec1-ba56-9a27f4426fd4,23,189.58,2026-10-19
c1c2a72a-3ed8-4414-9cc5-2d27370affd3,11,28.83,2026-06-18
af56584f-93bc-47f4-a23c-fbf068b543bf,3,395.7,2026-05-16
3bdc6107-205d-40dc-a6d9-e829a172b22c,49,392.27,2026-03-12
f8409fbe-0b7f-4688-b236-4d752ee4e37d,98,497.65,2026-01-24
5dd2c08b-097c-47df-88bb-04a7f19d4aa6,85,53.03,2026-07-12
0acf704a-92f0-49f5-bfcd-4a15b35091b4,96,345.63,2026-04-05
35b9e481-151c-40c3-9192-bfe01957da59,36,342.53,2026-01-20
6551fb13-7801-428e-b4db-979c753467cc,94,188.44,2026-07-23
e0f54b34-ab11-4756-a95a-e09a931e839e,67,276.58,2026-07-09
561a7777-e521-43b7-a79c-704fc763fedc,99,406.46,2026-04-29
35bdef0e-3a96-40f1-b537-810631289b3f,20,309.74,2026-02-23
4247cc6f-4351-45ef-aa1a-c697491c30b5,54,269.53,2025-12-19
3ba106a2-9abc-4812-a7d7-7c0599dfd8cf,27,459.52,2026-12-03
9762ddb5-3c46-4701-83a5-88310f134041,26,304.09,2026-03-17
74bc90ed-bb0f-4f29-8806-26fae22f83fc,39,343.4,2026-11-28
4363bc30-7092-4237-a428-ccfcee69a9eb,26,199.23,2026-11-20
8db110b3-13f3-49c9-a05e-a85575d5deb3,22,117.77,2026-03-31
862917ae-14f0-4a18-a1d2-ee1ca172d1b6,18,319.62,2026-11-28
6f36ca4b-fc80-4453-a89f-f3f3911325b7,4,430.24,2025-12-27
ee6b988d-a1af-400a-8a24-4dc70dd5b4f8,79,205.39,2025-12-24
c6c04702-2d87-4f91-a2bc-a13a019bec9a,86,404.77,2026-06-22
c96cad01-3de3-4106-bcd7-a7edb63c8af0,60,194.63,2026-05-28
6208cba6-bfe5-4eb1-a53c-786f06ee22ea,61,378.89,2026-06-26
711a43ec-72d9-48b7-a149-6842e3342710,9,161.45,2026-09-27
df5df989-04f9-4140-9068-e73edc038a61,10,396.19,2026-01-01
ed501fab-399d-43e4-9a2c-cfdb4bc00dd1,82,349.26,2026-10-21
038ac294-52f8-40ab-9985-6c095d455600,46,177.53,2026-11-08
f3da791b-9fd7-40ee-9238-06200507b718,56,227.87,2026-07-16
bfaf3ac8-76f2-48ef-8f5e-4ae9457dbbfb,45,232.79,2026-09-27
b72d6238-b78b-495d-9113-590ccef99663,88,123.46,2026-06-10
15e1945f-1887-4e68-a58a-56a09ef6f23f,8,33.88,2026-04-06
fdc22fcf-519b-49ad-86d5-b1df01211f4c,28,326.55,2026-03-13
500b1ca2-7cd5-4cd5-9c27-a487feba52d3,95,165.78,2026-01-20
656963a0-bc41-41de-8dd0-6e6fcf6b0354,51,157.99,2026-06-22
83d8ef03-4c88-4d95-9ae8-f25cfc3078b3,47,14.8,2026-04-21
f2fd9d1c-5a82-420c-9ead-8e93f84b5cc1,47,49.01,2026-01-05
54770f19-0f62-479d-8b42-c6276f8d0dc7,1,62.95,2026-04-18
f69964f4-241a-4104-8576-b287ae4445a7,50,295.51,2026-09-18
ea76a5a4-78fa-4f69-b4c0-76fc026182ff,19,442.72,2026-01-02
c1671690-e23c-4b66-a408-eb929857c794,81,69.74,2026-01-01
f3686f21-31c5-43fb-b337-c8889521298c,20,360.05,2026-02-05
35a1e7bd-d411-40a8-b049-fe16f08b9cdb,2,307.22,2026-07-22
d103c515-5454-4adf-acac-e3a7b968a95b,20,359.82,2025-12-20
56db099c-d306-4cda-b874-14ceea33c32f,89,40.0,2026-08-01
23b53b3e-536f-4c7d-a646-e3819d613171,85,254.3,2026-02-14
bc50fed3-bf2e-4aec-b076-4aa1aa98327a,74,487.58,2026-04-03
bafa0b38-4644-4de3-b074-c9a956d87938,33,159.59,2026-10-23
a26833b2-b037-4e32-bad5-a1050c85ffb7,71,35.35,2026-05-13
9c0b65b3-aebd-42a8-a20f-400a961da246,38,265.05,2026-02-12
9dcb78f9-62d7-4535-a73e-ed156cc77f71,85,451.94,2026-02-24
aac49524-5a1c-440b-9e86-1b8894d565df,51,176.88,2025-12-12
2771e8e7-5603-4fc3-8eb2-b2b5d4a34ad1,33,201.89,2026-06-04
08cbfc7d-0f22-44d0-9caf-07bc40e59905,94,301.3,2026-02-27
d089354b-52be-4677-89d7-a6427b623059,36,481.7,2026-05-23
c9bd5f16-664d-4478-886f-fba1b1f6d031,22,17.92,2026-11-25
a02f3dc4-9cf6-4b65-8b4d-a3fbd556e0ac,69,106.32,2026-04-03
57462b36-bc91-4530-aa0c-1a523b0180a2,53,375.54,2026-05-27
b598b4da-8975-41ab-8ab6-0166f4818350,29,313.94,2026-03-07
a9b198e0-db04-4ee2-9a1c-fadff48e31ce,94,62.07,2026-06-20
43d3cd20-ae21-451c-ac25-bae42fb2df0c,16,365.0,2026-02-18
11e3699d-904b-41b5-a887-4140c4f2411f,69,141.32,2026-04-24
146da687-0921-4954-a91a-bffa517ac53b,43,492.35,2026-10-23
623ecffa-7ab8-43f0-a867-7d85de34fe58,47,129.07,2026-08-16
19fc7bc4-eef6-4315-8a5c-35c1542f810f,58,455.74,2026-06-06
36ef191c-28e3-426b-a343-b731a643f75f,7,55.32,2026-11-23
46d8ba7c-4a93-461a-9e10-fe3761277683,60,207.14,2026-04-27
2d3a360f-f391-46d1-b867-316b194a5681,50,413.97,2026-08-29
430c6601-300d-4be0-881b-41f187f444fd,17,493.4,2026-11-11
51cfa02c-ab76-4e63-bceb-9da3b2966547,34,285.35,2026-02-17
0593540e-c8f0-4101-9b17-dd2c65d6a1c1,92,250.0,2026-01-08
b712bebe-5e15-4b3e-94e5-66de757b7b93,41,427.03,2026-05-08
d6310f40-6995-4a00-8ca1-74f661b3101d,52,90.64,2026-03-11
5956cec2-4fd7-482b-9eb4-76c32f937f85,73,415.8,2026-06-12
81b0639c-ad4b-455b-a6fb-8349f79e9fb6,97,349.61,2026-05-05
fc8699c8-751e-40d4-bd19-513dd8340ad1,19,317.23,2026-10-19
f79378ec-0fe6-4e50-9bd1-694a628ba027,67,224.81,2026-08-12
71ce5d0b-9f6d-4e77-9e5a-3b76da916bbc,62,142.13,2026-09-19
67e25edf-eb4b-4dba-8006-71f42e8971a2,91,211.03,2026-01-25
60a9415c-998f-4f0c-9d3e-9a8d8db78090,75,415.09,2026-09-19
87172e43-1e0d-431f-92b0-54500a52be4c,43,198.43,2026-05-28
98b962b9-dc5c-49d6-9eb6-9eb0c1af9dc9,51,158.35,2026-01-01
c9594f67-ac03-4b38-9de0-8d6039a1a838,51,315.42,2026-08-27
c293b51d-bfa9-4161-952f-a0c856ca4535,86,359.0,2026-10-17
d952eeb9-c8bf-4782-8b6a-c9faf7ddc5da,92,408.97,2026-10-01
c009f462-52ff-4ff2-a51c-fe5d2a86cfec,52,216.61,2026-01-16
d09dda60-6695-48de-b8c1-c273321193ce,50,197.36,2026-07-20
d03dff75-4986-453b-bc84-a53c319ce9d6,86,473.12,2026-04-23
58f0234c-3b00-42b1-9891-2aaf452a0d56,24,450.65,2026-03-15
c4d1dceb-b497-4ae1-842b-f92cb60679f1,98,484.28,2025-12-05
0475f5b7-23d8-4587-b567-f167b6d54898,12,107.43,2026-06-15
791754dd-f2cd-49fc-93e0-df71ea209490,74,414.67,2026-07-18
fa91aee5-4f7c-4a55-b9f7-526ae73eaef0,6,108.15,2026-03-19
f9afaa4b-887d-47e2-9ddd-68c8804c7a4f,8,46.81,2025-12-08
1db25894-1c15-4b46-82ed-ca45a4befa52,93,218.31,2026-06-09
96b54bb3-f4f4-4ddb-a5ce-7f45f72c19bc,96,399.65,2026-09-09
444809e4-a2a5-4b0c-b388-f6881b151a64,53,297.11,2025-12-16
2e5b877d-46eb-4f9b-bd35-9906843100b6,67,386.78,2026-06-30
12950caa-4f64-45e7-8975-c9c412cd1fab,50,311.77,2025-12-09
b9f26b0c-b893-4d30-b3f4-05a1e6b820a7,11,88.36,2026-08-20
05d593f6-9dfc-426a-88ba-4bb7a6e89648,37,416.87,2026-02-11
3d6f49a2-002b-49b6-b61c-edc25fe54a4b,79,391.66,2026-01-08
4fdbe243-312d-4dd6-aea1-53a6bea9e658,36,186.05,2026-10-14
8638d9c7-c974-4ebc-8719-b1aeb6eb6cc6,78,384.76,2026-01-27
3ecfdf98-3ee1-429e-b963-4c74e8e5bfab,72,429.68,2026-10-03
0de7b929-68bb-4aaa-86b3-74aadf60629a,62,446.87,2026-02-10
7dc88d51-6b5f-4782-80e1-3fb9d816b487,28,155.55,2026-05-20
fb28e92a-eb27-40d2-bbf7-a7071e7ace72,55,141.8,2025-12-23
5f12db8f-22ee-4474-84c1-457c713cdd78,41,42.04,2026-11-19
bc3cb745-f77c-4dad-b7aa-04300d91c9fc,67,216.04,2026-06-18
6a28a119-a0ff-4d9f-a720-84bddf4c4670,5,457.64,2026-07-16
ae2a292e-4aad-44c4-bd1c-84c879267b47,63,33.0,2026-07-20
89152c4a-4459-43bf-b2ef-93dc63398994,5,24.98,2026-09-28
f4da5e20-9594-4f72-934c-b79cf1fc07a7,55,52.46,2026-01-16
5c9348ce-fc67-4a4f-b478-2db2a20e37e1,13,171.62,2026-11-16
8009031d-f521-4629-b47b-220e88439089,68,19.84,2026-10-07
f8535bb5-691e-4cd4-a641-22a722e9883b,12,442.86,2026-07-06
56d905ac-d5cd-48ce-9e50-0857e32a6487,98,235.87,2026-01-25
96dc6140-0be1-463a-997a-82316fe48598,47,475.01,2026-07-05
2caedff7-3af5-4e7d-abc3-2bdfef8460b6,17,427.22,2026-03-28
5106815d-2a29-4bff-924d-baafa59c3e1c,40,116.3,2026-10-25
72ed0f92-db44-456d-8c86-ccc0569cd125,20,180.1,2026-06-15
cebc1075-d870-4697-973e-a8eef8a254cb,44,199.15,2026-02-15
6a351fc5-1de8-49b1-9f96-9a5e8c7fc8b0,71,50.81,2026-11-29
614d451c-1560-4503-bb12-62308da2f056,99,239.55,2026-11-01
7d8f99cb-293f-4789-85ba-2bd8791078e1,44,212.72,2026-11-07
808b6c6b-59ad-46e4-b5f3-5950335ac7fe,52,108.75,2026-11-25
b401386f-3c73-48e6-a681-603a78ed5fb5,20,476.44,2026-03-09
790491d3-49f6-431a-96f5-6eb7be346bfb,87,269.78,2026-03-21
9cd2778e-2981-4962-9e57-4887046f267e,32,306.38,2026-10-22
d09d5d83-705f-4d96-8cca-be285fc89143,28,134.66,2026-09-21
d5d1fa04-1b9d-432d-af02-f8e46f44c1d3,2,152.99,2026-09-09
842b1eff-a535-425f-93a2-d5047821e331,45,460.09,2026-03-29
c2fcad57-24d7-4285-b9ac-0aa47da414cc,13,50.13,2026-04-14
4183c5f9-9fe2-4a72-a3a1-c7bbee8b8c4e,96,22.8,2026-03-23
0b4bdca6-628d-4398-a125-faefa87659bb,48,231.3,2026-06-16
e435c4ab-e514-4ac3-b6c5-58fc32126eeb,17,380.4,2026-05-19
e6ee7cfa-37f3-4f61-9e6a-b5a4947cf09c,64,71.12,2026-10-02
5ff7ed24-49a7-4faa-a668-270e8333add9,83,199.83,2026-02-23
3b86cbc0-f23b-4bc0-bc47-1a4d0c0f8724,48,340.09,2026-02-17
10fe1d15-0e96-4b69-8684-624a013cfbe0,9,317.41,2026-08-13
24530ead-f242-4e6d-9596-d0b111a6eb3f,26,52.44,2026-06-08
b1eed1a6-8182-4220-8ed9-6b93430ded60,98,306.65,2026-04-15
5fb3116d-396b-48df-b159-24e045ed9bec,9,357.46,2026-10-13
07dbecb4-f807-4cfa-a7f6-e6f03fe96bbb,79,48.79,2026-11-03
a2e697d6-03d9-4ffe-9776-dc7d6b9c8042,52,87.31,2026-01-28
c2176928-7245-42b7-bb0f-d8c82292a140,55,308.62,2026-10-29
370ef1e8-db9f-4c3f-970d-b1567a92eb29,74,468.37,2026-04-20
d48b1df7-dca2-48d3-8652-93b6270ac042,39,361.4,2025-12-31
4c7b26bf-6dc4-4f52-b644-009114a93f19,42,437.5,2026-11-28
3357122a-a6f9-4428-acce-662ba1c4bf36,12,358.79,2026-04-26
8cd5a4ef-7534-42cb-b84c-71cd94f3777f,22,433.6,2026-03-15
afff01fc-d11b-4dc5-8f93-f77aec420d96,9,417.9,2026-11-10
3c287113-2c36-43fd-b2af-026f57f67452,4,311.73,2026-10-01
06d8f2ea-48ee-406b-a095-8b4a7a723e88,88,472.82,2026-03-30
a9318eac-3e7a-4a89-a3ae-0943fab876c8,25,169.43,2026-04-13
3a6766d5-a963-4cca-aef9-f43cb8a2250f,61,102.18,2026-03-18
dd425a51-741b-4005-bbbf-20e9634e937f,40,73.07,2026-11-11
67947b2a-9b2e-46d8-a86b-cb2a4d2021ab,34,199.19,2026-11-15
